<?xml version="1.0" encoding="UTF-8"?>

<openerp>
    <data>
        <record id="purchase_order_form_add_line_form" model="ir.ui.view">
            <field name="name">purchase.order.form.add.line.form</field>
            <field name="model">purchase.order</field>
            <field name="inherit_id" ref="purchase.purchase_order_form" />
            <field name="arch" type="xml">
                <xpath expr="/form/sheet/notebook/page[@string='Products']/field[@name='order_line']" position="replace">
                    <field name="order_line">
                        <tree string="Purchase Order Lines" editable="bottom">
                            <field name="product_id" on_change="onchange_product_id(parent.pricelist_id,product_id,0,product_uom,parent.partner_id, parent.date_order,parent.fiscal_position,date_planned,name,price_unit,context)"/>
                            <field name="name"/>
                            <field name="date_planned"/>
                            <field name="company_id" groups="base.group_multi_company" widget="selection"/>
                            <field name="account_analytic_id" groups="purchase.group_analytic_accounting" domain="[('type','not in',('view','template'))]"/>
                            <field name="product_qty" on_change="onchange_product_id(parent.pricelist_id,product_id,product_qty,product_uom,parent.partner_id,parent.date_order,parent.fiscal_position,date_planned,name,price_unit,context)"/>
                            <field name="product_uom" groups="product.group_uom" on_change="onchange_product_uom(parent.pricelist_id,product_id,product_qty,product_uom,parent.partner_id, parent.date_order,parent.fiscal_position,date_planned,name,price_unit,context)"/>
                            <field name="price_unit"/>
                            <field name="taxes_id" widget="many2many_tags" domain="[('parent_id','=',False),('type_tax_use','!=','sale')]"/>
                            <field name="price_subtotal"/>
                        </tree>
                     </field>
                </xpath>
            </field>
       </record>
       <record id="purchase_order_line_form_add_units_measure" model="ir.ui.view">
            <field name="name">purchase.order.line.form.units.measure</field>
            <field name="model">purchase.order.line</field>
            <field name="inherit_id" ref="purchase.purchase_order_line_form" />
            <field name="arch" type="xml">
                <notebook position="before">
                    <group>
                        <field name="boxes" />
                        <field name="mantles"/>
                        <field name="palets"/>
                    </group>
                </notebook>
            </field>
        </record>
         <record id="purchase_order_form" model="ir.ui.view">
            <field name="name">purchase.order.form</field>
            <field name="model">purchase.order</field>
            <field name="inherit_id" ref="purchase.purchase_order_form" />
            <field name="arch" type="xml">
                <xpath expr="/form/sheet/group//field[@name='origin']" position="after">
                    <field name="preorder_id"/>
                </xpath>
            </field>
         </record>
    </data>
</openerp>
